model,format_type,prompt_id,prompt_tokens,completion_tokens,total_tokens,system_prompt_tokens,user_message_tokens,tool_call_tokens,overhead_tokens,efficiency_ratio,format_overhead_ratio,success,error_message
cerebras/zai-glm-4.7,json,simple_weather_1,1397,118,1515,1386,7,3,22,0.025423728813559324,7.333333333333333,True,
cohere/command-a-03-2025,function_sig,complex_nested,794,30,824,660,31,4,20,0.13333333333333333,5.0,True,
cerebras/zai-glm-4.7,json,simple_weather_2,1403,139,1542,1386,13,5,21,0.03597122302158273,4.2,True,
cerebras/zai-glm-4.7,json,simple_time_1,1397,138,1535,1386,7,6,21,0.043478260869565216,3.5,True,
cerebras/zai-glm-4.7,json,simple_time_2,1397,88,1485,1386,7,2,13,0.022727272727272728,6.5,True,
cerebras/zai-glm-4.7,json,simple_calc_1,1396,60,1456,1386,6,6,20,0.1,3.3333333333333335,True,
cerebras/zai-glm-4.7,json,simple_search_1,1398,107,1505,1386,8,4,28,0.037383177570093455,7.0,True,
cerebras/zai-glm-4.7,json,simple_translate_1,1400,94,1494,1386,10,8,27,0.0851063829787234,3.375,True,
cerebras/zai-glm-4.7,json,simple_empty_tool,1394,49,1443,1386,4,2,13,0.04081632653061224,6.5,True,
cerebras/zai-glm-4.7,json,multi_weather_cities,1408,145,1553,1386,18,7,42,0.04827586206896552,6.0,True,
cerebras/zai-glm-4.7,json,multi_search_chart,1403,352,1755,1386,13,6,33,0.017045454545454544,5.5,True,
cerebras/zai-glm-4.7,json,multi_task_email,1418,344,1762,1386,28,66,68,0.19186046511627908,1.0303030303030303,True,
cerebras/zai-glm-4.7,json,multi_time_zones,1403,234,1637,1386,13,17,63,0.07264957264957266,3.7058823529411766,True,
cerebras/zai-glm-4.7,json,multi_translate_compare,1399,155,1554,1386,9,8,56,0.05161290322580645,7.0,True,
cerebras/zai-glm-4.7,json,ambig_files,1395,270,1665,1386,5,0,0,0.0,,False,
cerebras/zai-glm-4.7,json,ambig_process,1393,263,1656,1386,3,0,0,0.0,,False,
cerebras/zai-glm-4.7,json,ambig_send,1393,211,1604,1386,3,0,0,0.0,,False,
cerebras/zai-glm-4.7,json,ambig_weather,1396,88,1484,1386,6,0,0,0.0,,False,
cerebras/zai-glm-4.7,json,ambig_translate,1392,111,1503,1386,2,0,0,0.0,,False,
cerebras/zai-glm-4.7,json,ambig_calculate,1393,174,1567,1386,3,0,0,0.0,,False,
cerebras/zai-glm-4.7,json,ambig_partial_email,1397,167,1564,1386,7,0,0,0.0,,False,
cerebras/zai-glm-4.7,json,ambig_search,1392,219,1611,1386,2,0,0,0.0,,False,
cerebras/zai-glm-4.7,json,complex_chart_filter,1424,300,1724,1386,34,14,27,0.04666666666666667,1.9285714285714286,True,
cerebras/zai-glm-4.7,json,complex_batch,1420,359,1779,1386,30,0,0,0.0,,False,
cerebras/zai-glm-4.7,json,complex_report,1429,1121,2550,1386,39,222,338,0.19803746654772525,1.5225225225225225,True,
cerebras/zai-glm-4.7,json,complex_pipeline,1437,674,2111,1386,47,28,177,0.04154302670623145,6.321428571428571,True,
cerebras/zai-glm-4.7,json,complex_query_report,1424,261,1685,1386,34,14,47,0.05363984674329502,3.357142857142857,True,
cerebras/zai-glm-4.7,json,complex_weird_params,1416,111,1527,1386,26,7,34,0.06306306306306306,4.857142857142857,True,
cerebras/zai-glm-4.7,json,complex_unicode,1411,179,1590,1386,23,5,31,0.027932960893854747,6.2,True,
cerebras/zai-glm-4.7,json,complex_mixed_types,1435,309,1744,1386,45,14,65,0.045307443365695796,4.642857142857143,True,
cerebras/zai-glm-4.7,json,complex_nested,1421,226,1647,1386,31,4,52,0.017699115044247787,13.0,True,
cerebras/zai-glm-4.7,mcp,simple_weather_1,1484,151,1635,1473,7,3,48,0.019867549668874173,16.0,True,
cerebras/zai-glm-4.7,mcp,simple_weather_2,1490,155,1645,1473,13,5,47,0.03225806451612903,9.4,True,
cerebras/zai-glm-4.7,mcp,simple_time_1,1484,164,1648,1473,7,6,47,0.036585365853658534,7.833333333333333,True,
cerebras/zai-glm-4.7,mcp,simple_time_2,1484,202,1686,1473,7,3,47,0.01485148514851485,15.666666666666666,True,
cerebras/zai-glm-4.7,mcp,simple_calc_1,1483,129,1612,1473,6,6,46,0.046511627906976744,7.666666666666667,True,
cerebras/zai-glm-4.7,mcp,simple_search_1,1485,184,1669,1473,8,4,54,0.021739130434782608,13.5,True,
cerebras/zai-glm-4.7,mcp,simple_translate_1,1487,121,1608,1473,10,8,53,0.06611570247933884,6.625,True,
cerebras/zai-glm-4.7,mcp,simple_empty_tool,1481,143,1624,1473,4,2,39,0.013986013986013986,19.5,True,
cerebras/zai-glm-4.7,mcp,multi_weather_cities,1495,237,1732,1473,18,7,94,0.029535864978902954,13.428571428571429,True,
cerebras/zai-glm-4.7,mcp,multi_search_chart,1490,422,1912,1473,13,6,59,0.014218009478672985,9.833333333333334,True,
cerebras/zai-glm-4.7,mcp,multi_task_email,1505,394,1899,1473,28,64,120,0.16243654822335024,1.875,True,
cerebras/zai-glm-4.7,mcp,multi_time_zones,1490,312,1802,1473,13,17,141,0.05448717948717949,8.294117647058824,True,
cerebras/zai-glm-4.7,mcp,multi_translate_compare,1486,247,1733,1473,9,8,108,0.032388663967611336,13.5,True,
cerebras/zai-glm-4.7,mcp,ambig_files,1482,288,1770,1473,5,0,0,0.0,,False,
cerebras/zai-glm-4.7,mcp,ambig_process,1480,308,1788,1473,3,0,0,0.0,,False,
cerebras/zai-glm-4.7,mcp,ambig_send,1480,229,1709,1473,3,0,0,0.0,,False,
cerebras/zai-glm-4.7,mcp,ambig_weather,1483,88,1571,1473,6,0,0,0.0,,False,
cerebras/zai-glm-4.7,mcp,ambig_translate,1479,111,1590,1473,2,0,0,0.0,,False,
cerebras/zai-glm-4.7,mcp,ambig_calculate,1480,171,1651,1473,3,0,0,0.0,,False,
cerebras/zai-glm-4.7,mcp,ambig_partial_email,1484,167,1651,1473,7,0,0,0.0,,False,
cerebras/zai-glm-4.7,mcp,ambig_search,1479,271,1750,1473,2,0,0,0.0,,False,
cerebras/zai-glm-4.7,mcp,complex_chart_filter,1511,207,1718,1473,34,14,53,0.06763285024154589,3.7857142857142856,True,
cerebras/zai-glm-4.7,mcp,complex_batch,1507,438,1945,1473,30,0,0,0.0,,False,
cerebras/zai-glm-4.7,mcp,complex_report,1516,1259,2775,1473,39,149,327,0.11834789515488484,2.1946308724832213,True,
cerebras/zai-glm-4.7,mcp,complex_pipeline,1524,494,2018,1473,47,27,199,0.05465587044534413,7.37037037037037,True,
cerebras/zai-glm-4.7,mcp,complex_query_report,1511,321,1832,1473,34,14,67,0.04361370716510903,4.785714285714286,True,
cerebras/zai-glm-4.7,mcp,complex_weird_params,1503,265,1768,1473,26,7,60,0.026415094339622643,8.571428571428571,True,
cerebras/zai-glm-4.7,mcp,complex_unicode,1498,203,1701,1473,23,5,57,0.024630541871921183,11.4,True,
cerebras/zai-glm-4.7,mcp,complex_mixed_types,1522,326,1848,1473,45,14,87,0.04294478527607362,6.214285714285714,True,
cerebras/zai-glm-4.7,mcp,complex_nested,1508,257,1765,1473,31,4,78,0.01556420233463035,19.5,True,
cerebras/zai-glm-4.7,xml,simple_weather_1,1470,128,1598,1466,7,0,0,0.0,,False,
cerebras/zai-glm-4.7,xml,simple_weather_2,1476,147,1623,1466,13,0,0,0.0,,False,
cerebras/zai-glm-4.7,xml,simple_time_1,1470,67,1537,1466,7,0,0,0.0,,False,
cerebras/zai-glm-4.7,xml,simple_time_2,1470,81,1551,1466,7,0,0,0.0,,False,
cerebras/zai-glm-4.7,xml,simple_calc_1,1469,72,1541,1466,6,0,0,0.0,,False,
cerebras/zai-glm-4.7,xml,simple_search_1,1471,116,1587,1466,8,0,0,0.0,,False,
cerebras/zai-glm-4.7,xml,simple_translate_1,1473,103,1576,1466,10,0,0,0.0,,False,
cerebras/zai-glm-4.7,xml,simple_empty_tool,1467,70,1537,1466,4,0,0,0.0,,False,
cerebras/zai-glm-4.7,xml,multi_weather_cities,1481,150,1631,1466,18,0,0,0.0,,False,
cerebras/zai-glm-4.7,xml,multi_search_chart,1476,385,1861,1466,13,0,0,0.0,,False,
cerebras/zai-glm-4.7,xml,multi_task_email,1491,363,1854,1466,28,0,0,0.0,,False,
cerebras/zai-glm-4.7,xml,multi_time_zones,1476,196,1672,1466,13,0,0,0.0,,False,
cerebras/zai-glm-4.7,xml,multi_translate_compare,1472,172,1644,1466,9,0,0,0.0,,False,
cerebras/zai-glm-4.7,xml,ambig_files,1468,280,1748,1466,5,0,0,0.0,,False,
cerebras/zai-glm-4.7,xml,ambig_process,1466,266,1732,1466,3,0,0,0.0,,False,
cerebras/zai-glm-4.7,xml,ambig_send,1466,204,1670,1466,3,0,0,0.0,,False,
cerebras/zai-glm-4.7,xml,ambig_weather,1469,90,1559,1466,6,0,0,0.0,,False,
cerebras/zai-glm-4.7,xml,ambig_translate,1465,112,1577,1466,2,0,0,0.0,,False,
cerebras/zai-glm-4.7,xml,ambig_calculate,1466,172,1638,1466,3,0,0,0.0,,False,
cerebras/zai-glm-4.7,xml,ambig_partial_email,1470,137,1607,1466,7,0,0,0.0,,False,
cerebras/zai-glm-4.7,xml,ambig_search,1465,231,1696,1466,2,0,0,0.0,,False,
cerebras/zai-glm-4.7,xml,complex_chart_filter,1497,327,1824,1466,34,0,0,0.0,,False,
cerebras/zai-glm-4.7,xml,complex_batch,1493,726,2219,1466,30,0,0,0.0,,False,
cerebras/zai-glm-4.7,xml,complex_report,1502,1635,3137,1466,39,0,0,0.0,,False,
cerebras/zai-glm-4.7,xml,complex_pipeline,1510,586,2096,1466,47,0,0,0.0,,False,
cerebras/zai-glm-4.7,xml,complex_query_report,1497,480,1977,1466,34,0,0,0.0,,False,
cerebras/zai-glm-4.7,xml,complex_weird_params,1489,126,1615,1466,26,0,0,0.0,,False,
cerebras/zai-glm-4.7,xml,complex_unicode,1484,194,1678,1466,23,0,0,0.0,,False,
cerebras/zai-glm-4.7,xml,complex_mixed_types,1508,308,1816,1466,45,0,0,0.0,,False,
cerebras/zai-glm-4.7,xml,complex_nested,1494,221,1715,1466,31,0,0,0.0,,False,
cerebras/zai-glm-4.7,unstructured,simple_weather_1,1455,75,1530,1444,7,3,15,0.04,5.0,True,
cerebras/zai-glm-4.7,unstructured,simple_weather_2,1461,119,1580,1444,13,5,15,0.04201680672268908,3.0,True,
cerebras/zai-glm-4.7,unstructured,simple_time_1,1455,141,1596,1444,7,6,15,0.0425531914893617,2.5,True,
cerebras/zai-glm-4.7,unstructured,simple_time_2,1455,182,1637,1444,7,3,15,0.016483516483516484,5.0,True,
cerebras/zai-glm-4.7,unstructured,simple_calc_1,1454,64,1518,1444,6,6,15,0.09375,2.5,True,
cerebras/zai-glm-4.7,unstructured,simple_search_1,1456,146,1602,1444,8,4,20,0.0273972602739726,5.0,True,
cerebras/zai-glm-4.7,unstructured,simple_translate_1,1458,103,1561,1444,10,8,19,0.07766990291262135,2.375,True,
cerebras/zai-glm-4.7,unstructured,simple_empty_tool,1452,82,1534,1444,4,2,11,0.024390243902439025,5.5,True,
cerebras/zai-glm-4.7,unstructured,multi_weather_cities,1466,208,1674,1444,18,7,30,0.03365384615384615,4.285714285714286,True,
cerebras/zai-glm-4.7,unstructured,multi_search_chart,1461,366,1827,1444,13,6,26,0.01639344262295082,4.333333333333333,True,
cerebras/zai-glm-4.7,unstructured,multi_task_email,1476,329,1805,1444,28,39,78,0.11854103343465046,2.0,True,
cerebras/zai-glm-4.7,unstructured,multi_time_zones,1461,178,1639,1444,13,17,45,0.09550561797752809,2.6470588235294117,True,
cerebras/zai-glm-4.7,unstructured,multi_translate_compare,1457,126,1583,1444,9,8,40,0.06349206349206349,5.0,True,
cerebras/zai-glm-4.7,unstructured,ambig_files,1453,311,1764,1444,5,0,0,0.0,,False,
cerebras/zai-glm-4.7,unstructured,ambig_process,1451,287,1738,1444,3,0,0,0.0,,False,
cerebras/zai-glm-4.7,unstructured,ambig_send,1451,210,1661,1444,3,0,0,0.0,,False,
cerebras/zai-glm-4.7,unstructured,ambig_weather,1454,90,1544,1444,6,0,0,0.0,,False,
cerebras/zai-glm-4.7,unstructured,ambig_translate,1450,111,1561,1444,2,0,0,0.0,,False,
groq/moonshotai/kimi-k2-instruct-0905,json,simple_weather_1,1402,31,1433,1386,7,3,22,0.0967741935483871,7.333333333333333,True,
cerebras/zai-glm-4.7,unstructured,ambig_calculate,1451,171,1622,1444,3,0,0,0.0,,False,
groq/moonshotai/kimi-k2-instruct-0905,json,simple_weather_2,1409,31,1440,1386,13,4,21,0.12903225806451613,5.25,True,
groq/moonshotai/kimi-k2-instruct-0905,json,simple_time_1,1403,32,1435,1386,7,6,21,0.1875,3.5,True,
cerebras/zai-glm-4.7,unstructured,ambig_partial_email,1455,176,1631,1444,7,0,0,0.0,,False,
groq/moonshotai/kimi-k2-instruct-0905,json,simple_time_2,1402,29,1431,1386,7,3,21,0.10344827586206896,7.0,True,
cerebras/zai-glm-4.7,unstructured,ambig_search,1450,253,1703,1444,2,0,0,0.0,,False,
groq/moonshotai/kimi-k2-instruct-0905,json,simple_calc_1,1402,31,1433,1386,6,6,20,0.1935483870967742,3.3333333333333335,True,
cerebras/zai-glm-4.7,unstructured,complex_chart_filter,1482,181,1663,1444,34,14,19,0.07734806629834254,1.3571428571428572,True,
groq/moonshotai/kimi-k2-instruct-0905,json,simple_search_1,1404,37,1441,1386,8,4,28,0.10810810810810811,7.0,True,
cerebras/zai-glm-4.7,unstructured,complex_batch,1478,380,1858,1444,30,0,0,0.0,,False,
groq/moonshotai/kimi-k2-instruct-0905,json,simple_translate_1,1406,40,1446,1386,10,8,27,0.2,3.375,True,
cerebras/zai-glm-4.7,unstructured,complex_report,1487,864,2351,1444,39,222,274,0.2569444444444444,1.2342342342342343,False,
groq/moonshotai/kimi-k2-instruct-0905,json,simple_empty_tool,1400,20,1420,1386,4,2,13,0.1,6.5,True,
groq/moonshotai/kimi-k2-instruct-0905,json,multi_weather_cities,1415,60,1475,1386,18,7,42,0.11666666666666667,6.0,True,
cerebras/zai-glm-4.7,unstructured,complex_pipeline,1495,443,1938,1444,47,82,59,0.18510158013544017,0.7195121951219512,False,
groq/moonshotai/kimi-k2-instruct-0905,json,multi_search_chart,1409,339,1748,1386,13,54,186,0.1592920353982301,3.4444444444444446,True,
cerebras/zai-glm-4.7,unstructured,complex_query_report,1482,267,1749,1444,34,14,31,0.052434456928838954,2.2142857142857144,True,
groq/moonshotai/kimi-k2-instruct-0905,json,multi_task_email,1424,139,1563,1386,28,62,68,0.4460431654676259,1.096774193548387,True,
cerebras/zai-glm-4.7,unstructured,complex_weird_params,1474,88,1562,1444,26,12,22,0.13636363636363635,1.8333333333333333,False,
groq/moonshotai/kimi-k2-instruct-0905,json,multi_time_zones,1409,93,1502,1386,13,17,63,0.1827956989247312,3.7058823529411766,True,
cerebras/zai-glm-4.7,unstructured,complex_unicode,1469,153,1622,1444,23,5,24,0.032679738562091505,4.8,True,
groq/moonshotai/kimi-k2-instruct-0905,json,multi_translate_compare,1405,73,1478,1386,9,8,56,0.1095890410958904,7.0,True,
cerebras/zai-glm-4.7,unstructured,complex_mixed_types,1493,192,1685,1444,45,14,50,0.07291666666666667,3.5714285714285716,True,
cerebras/zai-glm-4.7,unstructured,complex_nested,1479,204,1683,1444,31,4,31,0.0196078431372549,7.75,True,
groq/moonshotai/kimi-k2-instruct-0905,json,ambig_files,1401,161,1562,1386,5,0,0,0.0,,False,
cerebras/zai-glm-4.7,function_sig,simple_weather_1,671,52,723,660,7,3,4,0.057692307692307696,1.3333333333333333,True,
groq/moonshotai/kimi-k2-instruct-0905,json,ambig_process,1399,261,1660,1386,3,0,0,0.0,,False,
cerebras/zai-glm-4.7,function_sig,simple_weather_2,677,87,764,660,13,5,3,0.05747126436781609,0.6,True,
groq/moonshotai/kimi-k2-instruct-0905,json,ambig_send,1399,68,1467,1386,3,0,0,0.0,,False,
groq/moonshotai/kimi-k2-instruct-0905,json,ambig_weather,1401,50,1451,1386,6,0,0,0.0,,False,
cerebras/zai-glm-4.7,function_sig,simple_time_1,671,86,757,660,7,6,4,0.06976744186046512,0.6666666666666666,True,
groq/moonshotai/kimi-k2-instruct-0905,json,ambig_translate,1398,69,1467,1386,2,0,0,0.0,,False,
groq/moonshotai/kimi-k2-instruct-0905,json,ambig_calculate,1399,31,1430,1386,3,6,20,0.1935483870967742,3.3333333333333335,True,
cerebras/zai-glm-4.7,function_sig,simple_time_2,671,67,738,660,7,2,1,0.029850746268656716,0.5,True,
groq/moonshotai/kimi-k2-instruct-0905,json,ambig_partial_email,1404,46,1450,1386,7,0,0,0.0,,False,
cerebras/zai-glm-4.7,function_sig,simple_calc_1,670,114,784,660,6,6,2,0.05263157894736842,0.3333333333333333,True,
cerebras/zai-glm-4.7,function_sig,simple_search_1,672,114,786,660,8,4,7,0.03508771929824561,1.75,True,
groq/moonshotai/kimi-k2-instruct-0905,json,ambig_search,1398,127,1525,1386,2,0,0,0.0,,False,
cerebras/zai-glm-4.7,function_sig,simple_translate_1,674,94,768,660,10,8,6,0.0851063829787234,0.75,True,
groq/moonshotai/kimi-k2-instruct-0905,json,complex_chart_filter,1430,79,1509,1386,34,14,27,0.17721518987341772,1.9285714285714286,True,
cerebras/zai-glm-4.7,function_sig,simple_empty_tool,668,70,738,660,4,2,1,0.02857142857142857,0.5,True,
groq/moonshotai/kimi-k2-instruct-0905,json,complex_batch,1426,128,1554,1386,30,0,0,0.0,,False,
cerebras/zai-glm-4.7,function_sig,multi_weather_cities,682,169,851,660,18,7,6,0.04142011834319527,0.8571428571428571,True,
groq/moonshotai/kimi-k2-instruct-0905,json,complex_report,1435,448,1883,1386,39,153,288,0.34151785714285715,1.8823529411764706,True,
cerebras/zai-glm-4.7,function_sig,multi_search_chart,677,267,944,660,13,7,10,0.026217228464419477,1.4285714285714286,True,
groq/moonshotai/kimi-k2-instruct-0905,json,complex_pipeline,1443,146,1589,1386,47,23,118,0.15753424657534246,5.130434782608695,True,
cerebras/zai-glm-4.7,function_sig,multi_task_email,692,375,1067,660,28,59,20,0.15733333333333333,0.3389830508474576,True,
groq/moonshotai/kimi-k2-instruct-0905,json,complex_query_report,1430,195,1625,1386,34,14,41,0.07179487179487179,2.9285714285714284,True,
cerebras/zai-glm-4.7,function_sig,multi_time_zones,677,157,834,660,13,17,12,0.10828025477707007,0.7058823529411765,True,
groq/moonshotai/kimi-k2-instruct-0905,json,complex_weird_params,1422,46,1468,1386,26,7,34,0.15217391304347827,4.857142857142857,True,
groq/moonshotai/kimi-k2-instruct-0905,json,complex_unicode,1422,42,1464,1386,23,5,31,0.11904761904761904,6.2,True,
cerebras/zai-glm-4.7,function_sig,multi_translate_compare,673,123,796,660,9,8,14,0.06504065040650407,1.75,True,
groq/moonshotai/kimi-k2-instruct-0905,json,complex_mixed_types,1441,80,1521,1386,45,14,61,0.175,4.357142857142857,True,
groq/moonshotai/kimi-k2-instruct-0905,json,complex_nested,1427,61,1488,1386,31,4,52,0.06557377049180328,13.0,True,
cerebras/zai-glm-4.7,function_sig,ambig_files,669,336,1005,660,5,0,0,0.0,,False,
cerebras/zai-glm-4.7,function_sig,ambig_process,667,210,877,660,3,0,0,0.0,,False,
groq/moonshotai/kimi-k2-instruct-0905,mcp,simple_weather_1,1486,57,1543,1473,7,3,48,0.05263157894736842,16.0,True,
cerebras/zai-glm-4.7,function_sig,ambig_send,667,210,877,660,3,0,0,0.0,,False,
groq/moonshotai/kimi-k2-instruct-0905,mcp,simple_weather_2,1493,57,1550,1473,13,4,47,0.07017543859649122,11.75,True,
cerebras/zai-glm-4.7,function_sig,ambig_weather,670,99,769,660,6,0,0,0.0,,False,
groq/moonshotai/kimi-k2-instruct-0905,mcp,simple_time_1,1487,58,1545,1473,7,6,47,0.10344827586206896,7.833333333333333,True,
cerebras/zai-glm-4.7,function_sig,ambig_translate,666,110,776,660,2,0,0,0.0,,False,
groq/moonshotai/kimi-k2-instruct-0905,mcp,simple_time_2,1486,55,1541,1473,7,3,47,0.05454545454545454,15.666666666666666,True,
cerebras/zai-glm-4.7,function_sig,ambig_calculate,667,144,811,660,3,0,0,0.0,,False,
groq/moonshotai/kimi-k2-instruct-0905,mcp,simple_calc_1,1486,57,1543,1473,6,6,46,0.10526315789473684,7.666666666666667,True,
cerebras/zai-glm-4.7,function_sig,ambig_partial_email,671,176,847,660,7,0,0,0.0,,False,
groq/moonshotai/kimi-k2-instruct-0905,mcp,simple_search_1,1488,63,1551,1473,8,4,54,0.06349206349206349,13.5,True,
groq/moonshotai/kimi-k2-instruct-0905,mcp,simple_translate_1,1490,66,1556,1473,10,8,53,0.12121212121212122,6.625,True,
cerebras/zai-glm-4.7,function_sig,ambig_search,666,309,975,660,2,1,2,0.003236245954692557,2.0,False,
groq/moonshotai/kimi-k2-instruct-0905,mcp,simple_empty_tool,1484,46,1530,1473,4,2,39,0.043478260869565216,19.5,True,
cerebras/zai-glm-4.7,function_sig,complex_chart_filter,698,550,1248,660,34,47,74,0.08545454545454545,1.574468085106383,True,
groq/moonshotai/kimi-k2-instruct-0905,mcp,multi_weather_cities,1499,225,1724,1473,18,7,94,0.03111111111111111,13.428571428571429,True,
cerebras/zai-glm-4.7,function_sig,complex_batch,694,519,1213,660,30,0,0,0.0,,False,
groq/moonshotai/kimi-k2-instruct-0905,mcp,multi_search_chart,1493,62,1555,1473,13,4,53,0.06451612903225806,13.25,True,
cerebras/zai-glm-4.7,function_sig,complex_report,703,1101,1804,660,39,371,329,0.3369663941871026,0.8867924528301887,True,
cerebras/zai-glm-4.7,function_sig,complex_pipeline,711,563,1274,660,47,26,88,0.046181172291296625,3.3846153846153846,True,
groq/moonshotai/kimi-k2-instruct-0905,mcp,multi_task_email,1508,191,1699,1473,28,62,120,0.32460732984293195,1.935483870967742,True,
groq/moonshotai/kimi-k2-instruct-0905,mcp,multi_time_zones,1493,171,1664,1473,13,17,141,0.09941520467836257,8.294117647058824,True,
cerebras/zai-glm-4.7,function_sig,complex_query_report,698,394,1092,660,34,13,15,0.03299492385786802,1.1538461538461537,False,
cerebras/zai-glm-4.7,function_sig,complex_weird_params,690,181,871,660,26,10,10,0.055248618784530384,1.0,False,
groq/moonshotai/kimi-k2-instruct-0905,mcp,multi_translate_compare,1489,125,1614,1473,9,8,108,0.064,13.5,True,
cerebras/zai-glm-4.7,function_sig,complex_unicode,685,146,831,660,23,5,11,0.03424657534246575,2.2,True,
groq/moonshotai/kimi-k2-instruct-0905,mcp,ambig_files,1485,133,1618,1473,5,0,0,0.0,,False,
groq/moonshotai/kimi-k2-instruct-0905,mcp,ambig_process,1483,203,1686,1473,3,0,0,0.0,,False,
cerebras/zai-glm-4.7,function_sig,complex_mixed_types,709,264,973,660,45,14,28,0.05303030303030303,2.0,True,
groq/moonshotai/kimi-k2-instruct-0905,mcp,ambig_send,1483,70,1553,1473,3,0,0,0.0,,False,
cerebras/zai-glm-4.7,function_sig,complex_nested,695,131,826,660,31,4,20,0.030534351145038167,5.0,True,
groq/moonshotai/kimi-k2-instruct-0905,mcp,ambig_weather,1485,41,1526,1473,6,0,0,0.0,,False,
cerebras/gpt-oss-120b,json,simple_weather_1,1461,55,1516,1386,7,3,22,0.05454545454545454,7.333333333333333,True,
groq/moonshotai/kimi-k2-instruct-0905,mcp,ambig_translate,1482,93,1575,1473,2,0,0,0.0,,False,
groq/moonshotai/kimi-k2-instruct-0905,mcp,ambig_calculate,1483,54,1537,1473,3,0,0,0.0,,False,
cerebras/gpt-oss-120b,json,simple_weather_2,1468,54,1522,1386,13,4,21,0.07407407407407407,5.25,True,
groq/moonshotai/kimi-k2-instruct-0905,mcp,ambig_partial_email,1488,69,1557,1473,7,0,0,0.0,,False,
groq/moonshotai/kimi-k2-instruct-0905,mcp,ambig_search,1482,90,1572,1473,2,0,0,0.0,,False,
groq/moonshotai/kimi-k2-instruct-0905,mcp,complex_chart_filter,1514,72,1586,1473,34,14,53,0.19444444444444445,3.7857142857142856,True,
cerebras/gpt-oss-120b,json,simple_time_1,1462,73,1535,1386,7,6,21,0.0821917808219178,3.5,True,
groq/moonshotai/kimi-k2-instruct-0905,mcp,complex_batch,1510,127,1637,1473,30,0,0,0.0,,False,
cerebras/gpt-oss-120b,json,simple_time_2,1461,69,1530,1386,7,3,21,0.043478260869565216,7.0,True,
cerebras/gpt-oss-120b,json,simple_calc_1,1461,61,1522,1386,6,6,20,0.09836065573770492,3.3333333333333335,True,
groq/moonshotai/kimi-k2-instruct-0905,mcp,complex_report,1519,241,1760,1473,39,43,191,0.17842323651452283,4.441860465116279,True,
cerebras/gpt-oss-120b,json,simple_search_1,1463,96,1559,1386,8,4,28,0.041666666666666664,7.0,True,
cerebras/gpt-oss-120b,json,simple_translate_1,1465,64,1529,1386,10,8,27,0.125,3.375,True,
groq/moonshotai/kimi-k2-instruct-0905,mcp,complex_pipeline,1527,210,1737,1473,47,25,180,0.11904761904761904,7.2,True,
groq/moonshotai/kimi-k2-instruct-0905,mcp,complex_query_report,1514,86,1600,1473,34,14,67,0.16279069767441862,4.785714285714286,True,
cerebras/gpt-oss-120b,json,simple_empty_tool,1459,78,1537,1386,4,2,13,0.02564102564102564,6.5,True,
groq/moonshotai/kimi-k2-instruct-0905,mcp,complex_weird_params,1506,72,1578,1473,26,7,60,0.09722222222222222,8.571428571428571,True,
groq/moonshotai/kimi-k2-instruct-0905,mcp,complex_unicode,1506,68,1574,1473,23,5,57,0.07352941176470588,11.4,True,
groq/moonshotai/kimi-k2-instruct-0905,mcp,complex_mixed_types,1525,106,1631,1473,45,14,87,0.1320754716981132,6.214285714285714,True,
groq/moonshotai/kimi-k2-instruct-0905,mcp,complex_nested,1511,87,1598,1473,31,4,78,0.04597701149425287,19.5,True,
cerebras/gpt-oss-120b,json,multi_weather_cities,1473,459,1932,1386,18,14,84,0.030501089324618737,6.0,True,
groq/moonshotai/kimi-k2-instruct-0905,xml,simple_weather_1,1482,36,1518,1466,7,3,31,0.08333333333333333,10.333333333333334,True,
cerebras/gpt-oss-120b,json,multi_search_chart,1468,364,1832,1386,13,6,33,0.016483516483516484,5.5,True,
groq/moonshotai/kimi-k2-instruct-0905,xml,simple_weather_2,1489,40,1529,1466,13,5,29,0.125,5.8,True,
cerebras/gpt-oss-120b,json,multi_task_email,1483,200,1683,1386,28,60,81,0.3,1.35,True,
groq/moonshotai/kimi-k2-instruct-0905,xml,simple_time_1,1483,37,1520,1466,7,6,30,0.16216216216216217,5.0,True,
cerebras/gpt-oss-120b,json,multi_time_zones,1468,294,1762,1386,13,17,63,0.05782312925170068,3.7058823529411766,True,
groq/moonshotai/kimi-k2-instruct-0905,xml,simple_time_2,1482,34,1516,1466,7,3,30,0.08823529411764706,10.0,True,
cerebras/gpt-oss-120b,json,multi_translate_compare,1464,168,1632,1386,9,8,56,0.047619047619047616,7.0,True,
cerebras/gpt-oss-120b,json,ambig_files,1460,198,1658,1386,5,0,0,0.0,,False,
groq/moonshotai/kimi-k2-instruct-0905,xml,simple_calc_1,1482,36,1518,1466,6,6,29,0.16666666666666666,4.833333333333333,True,
cerebras/gpt-oss-120b,json,ambig_process,1458,106,1564,1386,3,0,0,0.0,,False,
groq/moonshotai/kimi-k2-instruct-0905,xml,simple_search_1,1484,56,1540,1466,8,4,39,0.07142857142857142,9.75,True,
groq/moonshotai/kimi-k2-instruct-0905,xml,simple_translate_1,1486,47,1533,1466,10,8,37,0.1702127659574468,4.625,True,
cerebras/gpt-oss-120b,json,ambig_send,1458,134,1592,1386,3,0,0,0.0,,False,
groq/moonshotai/kimi-k2-instruct-0905,xml,simple_empty_tool,1480,30,1510,1466,4,2,23,0.06666666666666667,11.5,True,
cerebras/gpt-oss-120b,json,ambig_weather,1460,72,1532,1386,6,0,0,0.0,,False,
groq/moonshotai/kimi-k2-instruct-0905,xml,multi_weather_cities,1495,149,1644,1466,18,43,102,0.28859060402684567,2.372093023255814,True,
cerebras/gpt-oss-120b,json,ambig_translate,1457,97,1554,1386,2,0,0,0.0,,False,
cerebras/gpt-oss-120b,json,ambig_calculate,1458,114,1572,1386,3,0,0,0.0,,False,
groq/moonshotai/kimi-k2-instruct-0905,xml,multi_search_chart,1489,47,1536,1466,13,4,37,0.0851063829787234,9.25,True,
cerebras/gpt-oss-120b,json,ambig_partial_email,1462,119,1581,1386,7,0,0,0.0,,False,
cerebras/gpt-oss-120b,json,ambig_search,1457,95,1552,1386,2,0,0,0.0,,False,
groq/moonshotai/kimi-k2-instruct-0905,xml,multi_task_email,1504,139,1643,1466,28,47,87,0.3381294964028777,1.851063829787234,True,
cerebras/gpt-oss-120b,json,complex_chart_filter,1489,665,2154,1386,34,25,40,0.03759398496240601,1.6,True,
groq/moonshotai/kimi-k2-instruct-0905,xml,multi_time_zones,1489,108,1597,1466,13,17,91,0.1574074074074074,5.352941176470588,True,
groq/moonshotai/kimi-k2-instruct-0905,xml,multi_translate_compare,1485,87,1572,1466,9,8,78,0.09195402298850575,9.75,True,
cerebras/gpt-oss-120b,json,complex_batch,1485,374,1859,1386,30,12,39,0.03208556149732621,3.25,True,
groq/moonshotai/kimi-k2-instruct-0905,xml,ambig_files,1481,172,1653,1466,5,0,0,0.0,,False,
groq/moonshotai/kimi-k2-instruct-0905,xml,ambig_process,1479,137,1616,1466,3,0,0,0.0,,False,
cerebras/gpt-oss-120b,json,complex_report,1494,790,2284,1386,39,110,296,0.13924050632911392,2.690909090909091,True,
groq/moonshotai/kimi-k2-instruct-0905,xml,ambig_send,1479,97,1576,1466,3,0,0,0.0,,False,
cerebras/gpt-oss-120b,json,complex_pipeline,1502,709,2211,1386,47,27,172,0.0380818053596615,6.37037037037037,True,
groq/moonshotai/kimi-k2-instruct-0905,xml,ambig_weather,1481,37,1518,1466,6,0,0,0.0,,False,
cerebras/gpt-oss-120b,json,complex_query_report,1489,718,2207,1386,34,0,0,0.0,,False,
groq/moonshotai/kimi-k2-instruct-0905,xml,ambig_translate,1478,74,1552,1466,2,0,0,0.0,,False,
cerebras/gpt-oss-120b,json,complex_weird_params,1481,122,1603,1386,26,7,34,0.05737704918032787,4.857142857142857,True,
groq/moonshotai/kimi-k2-instruct-0905,xml,ambig_calculate,1479,85,1564,1466,3,0,0,0.0,,False,
groq/moonshotai/kimi-k2-instruct-0905,xml,ambig_partial_email,1484,57,1541,1466,7,0,0,0.0,,False,
groq/moonshotai/kimi-k2-instruct-0905,xml,ambig_search,1478,131,1609,1466,2,0,0,0.0,,False,
cerebras/gpt-oss-120b,json,complex_unicode,1476,99,1575,1386,23,5,31,0.050505050505050504,6.2,True,
groq/moonshotai/kimi-k2-instruct-0905,xml,complex_chart_filter,1510,254,1764,1466,34,35,121,0.1377952755905512,3.4571428571428573,True,
cerebras/gpt-oss-120b,json,complex_mixed_types,1500,130,1630,1386,45,14,61,0.1076923076923077,4.357142857142857,True,
groq/moonshotai/kimi-k2-instruct-0905,xml,complex_batch,1506,223,1729,1466,30,13,118,0.05829596412556054,9.076923076923077,True,
groq/moonshotai/kimi-k2-instruct-0905,xml,complex_report,1515,449,1964,1466,39,75,337,0.16703786191536749,4.493333333333333,True,
cerebras/gpt-oss-120b,json,complex_nested,1486,121,1607,1386,31,4,52,0.03305785123966942,13.0,True,
groq/moonshotai/kimi-k2-instruct-0905,xml,complex_pipeline,1523,255,1778,1466,47,26,220,0.10196078431372549,8.461538461538462,True,
cerebras/gpt-oss-120b,mcp,simple_weather_1,1547,87,1634,1473,7,3,48,0.034482758620689655,16.0,True,
groq/moonshotai/kimi-k2-instruct-0905,xml,complex_query_report,1510,206,1716,1466,34,14,71,0.06796116504854369,5.071428571428571,True,
groq/moonshotai/kimi-k2-instruct-0905,xml,complex_weird_params,1502,59,1561,1466,26,0,0,0.0,,False,
cerebras/gpt-oss-120b,mcp,simple_weather_2,1554,128,1682,1473,13,4,47,0.03125,11.75,True,
groq/moonshotai/kimi-k2-instruct-0905,xml,complex_unicode,1502,50,1552,1466,23,5,46,0.1,9.2,True,
cerebras/gpt-oss-120b,mcp,simple_time_1,1548,94,1642,1473,7,6,47,0.06382978723404255,7.833333333333333,True,
cerebras/gpt-oss-120b,mcp,simple_time_2,1547,99,1646,1473,7,3,47,0.030303030303030304,15.666666666666666,True,
groq/moonshotai/kimi-k2-instruct-0905,xml,complex_mixed_types,1521,104,1625,1466,45,14,84,0.1346153846153846,6.0,True,
cerebras/gpt-oss-120b,mcp,simple_calc_1,1547,82,1629,1473,6,6,46,0.07317073170731707,7.666666666666667,True,
groq/moonshotai/kimi-k2-instruct-0905,xml,complex_nested,1507,77,1584,1466,31,4,68,0.05194805194805195,17.0,False,
cerebras/gpt-oss-120b,mcp,simple_search_1,1549,136,1685,1473,8,6,60,0.04411764705882353,10.0,True,
groq/moonshotai/kimi-k2-instruct-0905,unstructured,simple_weather_1,1460,29,1489,1444,7,3,15,0.10344827586206896,5.0,True,
cerebras/gpt-oss-120b,mcp,simple_translate_1,1551,86,1637,1473,10,8,53,0.09302325581395349,6.625,True,
cerebras/gpt-oss-120b,mcp,simple_empty_tool,1545,108,1653,1473,4,2,39,0.018518518518518517,19.5,True,
groq/moonshotai/kimi-k2-instruct-0905,unstructured,simple_weather_2,1467,21,1488,1444,13,5,15,0.23809523809523808,3.0,True,
cerebras/gpt-oss-120b,mcp,multi_weather_cities,1559,583,2142,1473,18,0,0,0.0,,False,
groq/moonshotai/kimi-k2-instruct-0905,unstructured,simple_time_1,1461,21,1482,1444,7,6,15,0.2857142857142857,2.5,True,
cerebras/gpt-oss-120b,mcp,multi_search_chart,1554,420,1974,1473,13,6,59,0.014285714285714285,9.833333333333334,True,
groq/moonshotai/kimi-k2-instruct-0905,unstructured,simple_time_2,1460,18,1478,1444,7,3,15,0.16666666666666666,5.0,True,
cerebras/gpt-oss-120b,mcp,multi_task_email,1569,503,2072,1473,28,66,123,0.1312127236580517,1.8636363636363635,True,
groq/moonshotai/kimi-k2-instruct-0905,unstructured,simple_calc_1,1460,42,1502,1444,6,6,15,0.14285714285714285,2.5,True,
cerebras/gpt-oss-120b,mcp,multi_time_zones,1554,246,1800,1473,13,17,141,0.06910569105691057,8.294117647058824,True,
groq/moonshotai/kimi-k2-instruct-0905,unstructured,simple_search_1,1462,24,1486,1444,8,4,20,0.16666666666666666,5.0,True,
cerebras/gpt-oss-120b,mcp,multi_translate_compare,1550,229,1779,1473,9,8,108,0.034934497816593885,13.5,True,
groq/moonshotai/kimi-k2-instruct-0905,unstructured,simple_translate_1,1464,33,1497,1444,10,8,19,0.24242424242424243,2.375,True,
cerebras/gpt-oss-120b,mcp,ambig_files,1546,162,1708,1473,5,0,0,0.0,,False,
groq/moonshotai/kimi-k2-instruct-0905,unstructured,simple_empty_tool,1458,10,1468,1444,4,0,0,0.0,,False,
cerebras/gpt-oss-120b,mcp,ambig_process,1544,113,1657,1473,3,0,0,0.0,,False,
groq/moonshotai/kimi-k2-instruct-0905,unstructured,multi_weather_cities,1473,147,1620,1444,18,24,91,0.16326530612244897,3.7916666666666665,True,
cerebras/gpt-oss-120b,mcp,ambig_send,1544,191,1735,1473,3,0,0,0.0,,False,
groq/moonshotai/kimi-k2-instruct-0905,unstructured,multi_search_chart,1467,211,1678,1444,13,25,82,0.11848341232227488,3.28,True,
groq/moonshotai/kimi-k2-instruct-0905,unstructured,multi_task_email,1482,145,1627,1444,28,61,46,0.4206896551724138,0.7540983606557377,True,
cerebras/gpt-oss-120b,mcp,ambig_weather,1546,73,1619,1473,6,0,0,0.0,,False,
groq/moonshotai/kimi-k2-instruct-0905,unstructured,multi_time_zones,1467,62,1529,1444,13,17,45,0.27419354838709675,2.6470588235294117,True,
groq/moonshotai/kimi-k2-instruct-0905,unstructured,multi_translate_compare,1463,48,1511,1444,9,8,40,0.16666666666666666,5.0,True,
groq/moonshotai/kimi-k2-instruct-0905,unstructured,ambig_files,1459,140,1599,1444,5,11,34,0.07857142857142857,3.090909090909091,False,
groq/moonshotai/kimi-k2-instruct-0905,unstructured,ambig_process,1457,149,1606,1444,3,0,0,0.0,,False,
groq/moonshotai/kimi-k2-instruct-0905,unstructured,ambig_send,1457,141,1598,1444,3,0,0,0.0,,False,
groq/moonshotai/kimi-k2-instruct-0905,unstructured,ambig_weather,1459,36,1495,1444,6,0,0,0.0,,False,
groq/moonshotai/kimi-k2-instruct-0905,unstructured,ambig_translate,1456,61,1517,1444,2,1,11,0.01639344262295082,11.0,False,
cerebras/gpt-oss-120b,mcp,ambig_translate,1543,94,1637,1473,2,0,0,0.0,,False,
cerebras/gpt-oss-120b,mcp,ambig_calculate,1544,109,1653,1473,3,0,0,0.0,,False,
groq/moonshotai/kimi-k2-instruct-0905,unstructured,ambig_calculate,1457,31,1488,1444,3,0,0,0.0,,False,
cerebras/gpt-oss-120b,mcp,ambig_partial_email,1548,95,1643,1473,7,0,0,0.0,,False,
groq/moonshotai/kimi-k2-instruct-0905,unstructured,ambig_partial_email,1462,89,1551,1444,7,0,0,0.0,,False,
cerebras/gpt-oss-120b,mcp,ambig_search,1543,90,1633,1473,2,0,0,0.0,,False,
cerebras/gpt-oss-120b,mcp,complex_chart_filter,1575,479,2054,1473,34,18,66,0.037578288100208766,3.6666666666666665,True,
groq/moonshotai/kimi-k2-instruct-0905,unstructured,ambig_search,1456,187,1643,1444,2,1,15,0.0053475935828877,15.0,False,
cerebras/gpt-oss-120b,mcp,complex_batch,1571,370,1941,1473,30,13,65,0.03513513513513514,5.0,True,
groq/moonshotai/kimi-k2-instruct-0905,unstructured,complex_chart_filter,1488,312,1800,1444,34,62,137,0.1987179487179487,2.2096774193548385,True,
cerebras/gpt-oss-120b,mcp,complex_report,1580,682,2262,1473,39,77,316,0.11290322580645161,4.103896103896104,True,
cerebras/gpt-oss-120b,mcp,complex_pipeline,1588,684,2272,1473,47,24,194,0.03508771929824561,8.083333333333334,True,
groq/moonshotai/kimi-k2-instruct-0905,unstructured,complex_batch,1484,129,1613,1444,30,31,70,0.24031007751937986,2.2580645161290325,True,
cerebras/gpt-oss-120b,mcp,complex_query_report,1575,841,2416,1473,34,0,0,0.0,,False,
groq/moonshotai/kimi-k2-instruct-0905,unstructured,complex_report,1493,338,1831,1444,39,98,216,0.28994082840236685,2.204081632653061,True,
cerebras/gpt-oss-120b,mcp,complex_weird_params,1567,133,1700,1473,26,7,60,0.05263157894736842,8.571428571428571,True,
groq/moonshotai/kimi-k2-instruct-0905,unstructured,complex_pipeline,1501,131,1632,1444,47,24,107,0.183206106870229,4.458333333333333,True,
cerebras/gpt-oss-120b,mcp,complex_unicode,1562,99,1661,1473,23,5,57,0.050505050505050504,11.4,True,
cerebras/gpt-oss-120b,mcp,complex_mixed_types,1586,150,1736,1473,45,14,87,0.09333333333333334,6.214285714285714,True,
groq/moonshotai/kimi-k2-instruct-0905,unstructured,complex_query_report,1488,361,1849,1444,34,69,119,0.19113573407202217,1.7246376811594204,True,
cerebras/gpt-oss-120b,mcp,complex_nested,1572,163,1735,1473,31,4,78,0.024539877300613498,19.5,True,
groq/moonshotai/kimi-k2-instruct-0905,unstructured,complex_weird_params,1480,34,1514,1444,26,12,22,0.35294117647058826,1.8333333333333333,False,
cerebras/gpt-oss-120b,xml,simple_weather_1,1541,72,1613,1466,7,3,31,0.041666666666666664,10.333333333333334,True,
groq/moonshotai/kimi-k2-instruct-0905,unstructured,complex_unicode,1480,32,1512,1444,23,5,24,0.15625,4.8,True,
cerebras/gpt-oss-120b,xml,simple_weather_2,1548,81,1629,1466,13,4,29,0.04938271604938271,7.25,True,
groq/moonshotai/kimi-k2-instruct-0905,unstructured,complex_mixed_types,1499,64,1563,1444,45,25,39,0.390625,1.56,False,
cerebras/gpt-oss-120b,xml,simple_time_1,1542,79,1621,1466,7,6,30,0.0759493670886076,5.0,True,
groq/moonshotai/kimi-k2-instruct-0905,unstructured,complex_nested,1485,35,1520,1444,31,4,31,0.11428571428571428,7.75,True,
cerebras/gpt-oss-120b,xml,simple_time_2,1541,87,1628,1466,7,3,30,0.034482758620689655,10.0,True,
groq/moonshotai/kimi-k2-instruct-0905,function_sig,simple_weather_1,675,12,687,660,7,3,4,0.25,1.3333333333333333,True,
cerebras/gpt-oss-120b,xml,simple_calc_1,1541,75,1616,1466,6,6,29,0.08,4.833333333333333,True,
groq/moonshotai/kimi-k2-instruct-0905,function_sig,simple_weather_2,682,13,695,660,13,5,3,0.38461538461538464,0.6,True,
groq/moonshotai/kimi-k2-instruct-0905,function_sig,simple_time_1,676,11,687,660,7,6,4,0.5454545454545454,0.6666666666666666,True,
cerebras/gpt-oss-120b,xml,simple_search_1,1543,131,1674,1466,8,6,47,0.04580152671755725,7.833333333333333,True,
groq/moonshotai/kimi-k2-instruct-0905,function_sig,simple_time_2,675,10,685,660,7,3,4,0.3,1.3333333333333333,True,
cerebras/gpt-oss-120b,xml,simple_translate_1,1545,78,1623,1466,10,8,37,0.10256410256410256,4.625,True,
groq/moonshotai/kimi-k2-instruct-0905,function_sig,simple_calc_1,675,9,684,660,6,6,2,0.6666666666666666,0.3333333333333333,True,
cerebras/gpt-oss-120b,xml,simple_empty_tool,1539,113,1652,1466,4,2,21,0.017699115044247787,10.5,True,
groq/moonshotai/kimi-k2-instruct-0905,function_sig,simple_search_1,677,19,696,660,8,6,10,0.3157894736842105,1.6666666666666667,True,
cerebras/gpt-oss-120b,xml,multi_weather_cities,1553,411,1964,1466,18,7,59,0.0170316301703163,8.428571428571429,True,
groq/moonshotai/kimi-k2-instruct-0905,function_sig,simple_translate_1,679,17,696,660,10,8,6,0.47058823529411764,0.75,True,
cerebras/gpt-oss-120b,xml,multi_search_chart,1548,364,1912,1466,13,7,45,0.019230769230769232,6.428571428571429,True,
groq/moonshotai/kimi-k2-instruct-0905,function_sig,simple_empty_tool,673,6,679,660,4,2,1,0.3333333333333333,0.5,True,
cerebras/gpt-oss-120b,xml,multi_task_email,1563,390,1953,1466,28,74,93,0.18974358974358974,1.2567567567567568,True,
groq/moonshotai/kimi-k2-instruct-0905,function_sig,multi_weather_cities,688,59,747,660,18,34,17,0.576271186440678,0.5,True,
cerebras/gpt-oss-120b,xml,multi_time_zones,1548,211,1759,1466,13,17,91,0.08056872037914692,5.352941176470588,True,
groq/moonshotai/kimi-k2-instruct-0905,function_sig,multi_search_chart,682,25,707,660,13,8,16,0.32,2.0,True,
cerebras/gpt-oss-120b,xml,multi_translate_compare,1544,288,1832,1466,9,8,78,0.027777777777777776,9.75,True,
groq/moonshotai/kimi-k2-instruct-0905,function_sig,multi_task_email,697,65,762,660,28,42,20,0.6461538461538462,0.47619047619047616,True,
cerebras/gpt-oss-120b,xml,ambig_files,1540,162,1702,1466,5,0,0,0.0,,False,
cerebras/gpt-oss-120b,xml,ambig_process,1538,107,1645,1466,3,0,0,0.0,,False,
groq/moonshotai/kimi-k2-instruct-0905,function_sig,multi_time_zones,682,30,712,660,13,17,12,0.5666666666666667,0.7058823529411765,True,
cerebras/gpt-oss-120b,xml,ambig_send,1538,204,1742,1466,3,0,0,0.0,,False,
cerebras/gpt-oss-120b,xml,ambig_weather,1540,61,1601,1466,6,0,0,0.0,,False,
cerebras/gpt-oss-120b,xml,ambig_translate,1537,90,1627,1466,2,0,0,0.0,,False,
cerebras/gpt-oss-120b,xml,ambig_calculate,1538,106,1644,1466,3,0,0,0.0,,False,
cerebras/gpt-oss-120b,xml,ambig_partial_email,1542,134,1676,1466,7,0,0,0.0,,False,
cerebras/gpt-oss-120b,xml,ambig_search,1537,96,1633,1466,2,0,0,0.0,,False,
cerebras/gpt-oss-120b,xml,complex_chart_filter,1569,378,1947,1466,34,18,66,0.047619047619047616,3.6666666666666665,False,
cerebras/gpt-oss-120b,xml,complex_batch,1565,534,2099,1466,30,12,57,0.02247191011235955,4.75,False,
cerebras/gpt-oss-120b,xml,complex_report,1574,505,2079,1466,39,26,99,0.05148514851485148,3.8076923076923075,True,
cerebras/gpt-oss-120b,xml,complex_pipeline,1582,543,2125,1466,47,24,113,0.04419889502762431,4.708333333333333,True,
cerebras/gpt-oss-120b,xml,complex_query_report,1569,389,1958,1466,34,16,54,0.04113110539845758,3.375,True,
cerebras/gpt-oss-120b,xml,complex_weird_params,1561,235,1796,1466,26,0,0,0.0,,False,
cerebras/gpt-oss-120b,xml,complex_unicode,1556,120,1676,1466,23,5,46,0.041666666666666664,9.2,True,
cerebras/gpt-oss-120b,xml,complex_mixed_types,1580,206,1786,1466,45,14,81,0.06796116504854369,5.785714285714286,True,
cerebras/gpt-oss-120b,xml,complex_nested,1566,149,1715,1466,31,4,46,0.026845637583892617,11.5,True,
cerebras/gpt-oss-120b,unstructured,simple_weather_1,1519,66,1585,1444,7,3,15,0.045454545454545456,5.0,True,
cerebras/gpt-oss-120b,unstructured,simple_weather_2,1526,87,1613,1444,13,4,15,0.04597701149425287,3.75,True,
cerebras/gpt-oss-120b,unstructured,simple_time_1,1520,59,1579,1444,7,6,15,0.1016949152542373,2.5,True,
cerebras/gpt-oss-120b,unstructured,simple_time_2,1519,68,1587,1444,7,3,15,0.04411764705882353,5.0,True,
cerebras/gpt-oss-120b,unstructured,simple_calc_1,1519,60,1579,1444,6,6,15,0.1,2.5,True,
cerebras/gpt-oss-120b,unstructured,simple_search_1,1521,75,1596,1444,8,4,20,0.05333333333333334,5.0,True,
cerebras/gpt-oss-120b,unstructured,simple_translate_1,1523,50,1573,1444,10,8,19,0.16,2.375,True,
cerebras/gpt-oss-120b,unstructured,simple_empty_tool,1517,131,1648,1444,4,2,11,0.015267175572519083,5.5,True,
cerebras/gpt-oss-120b,unstructured,multi_weather_cities,1531,477,2008,1444,18,7,30,0.014675052410901468,4.285714285714286,True,
cerebras/gpt-oss-120b,unstructured,multi_search_chart,1526,692,2218,1444,13,6,26,0.008670520231213872,4.333333333333333,True,
cerebras/gpt-oss-120b,unstructured,multi_task_email,1541,434,1975,1444,28,87,58,0.20046082949308755,0.6666666666666666,True,
cerebras/gpt-oss-120b,unstructured,multi_time_zones,1526,273,1799,1444,13,17,45,0.06227106227106227,2.6470588235294117,True,
cerebras/gpt-oss-120b,unstructured,multi_translate_compare,1522,178,1700,1444,9,8,40,0.0449438202247191,5.0,True,
cerebras/gpt-oss-120b,unstructured,ambig_files,1518,176,1694,1444,5,1,12,0.005681818181818182,12.0,False,
cerebras/gpt-oss-120b,unstructured,ambig_process,1516,94,1610,1444,3,1,11,0.010638297872340425,11.0,False,
cerebras/gpt-oss-120b,unstructured,ambig_send,1516,180,1696,1444,3,1,2,0.005555555555555556,2.0,False,
cerebras/gpt-oss-120b,unstructured,ambig_weather,1518,67,1585,1444,6,0,0,0.0,,False,
cerebras/gpt-oss-120b,unstructured,ambig_translate,1515,91,1606,1444,2,10,21,0.10989010989010989,2.1,False,
cerebras/gpt-oss-120b,unstructured,ambig_calculate,1516,113,1629,1444,3,2,28,0.017699115044247787,14.0,False,
cerebras/gpt-oss-120b,unstructured,ambig_partial_email,1520,123,1643,1444,7,0,0,0.0,,False,
cerebras/gpt-oss-120b,unstructured,ambig_search,1515,127,1642,1444,2,1,8,0.007874015748031496,8.0,False,
cerebras/gpt-oss-120b,unstructured,complex_chart_filter,1547,458,2005,1444,34,16,26,0.034934497816593885,1.625,True,
cerebras/gpt-oss-120b,unstructured,complex_batch,1543,290,1833,1444,30,12,30,0.041379310344827586,2.5,True,
cerebras/gpt-oss-120b,unstructured,complex_report,1552,915,2467,1444,39,104,271,0.11366120218579236,2.605769230769231,True,
cerebras/gpt-oss-120b,unstructured,complex_pipeline,1560,295,1855,1444,47,26,84,0.08813559322033898,3.230769230769231,True,
cerebras/gpt-oss-120b,unstructured,complex_query_report,1547,2946,4493,1444,34,584,325,0.19823489477257297,0.5565068493150684,True,
cerebras/gpt-oss-120b,unstructured,complex_weird_params,1539,193,1732,1444,26,12,22,0.06217616580310881,1.8333333333333333,False,
cerebras/gpt-oss-120b,unstructured,complex_unicode,1534,64,1598,1444,23,5,24,0.078125,4.8,True,
cerebras/gpt-oss-120b,unstructured,complex_mixed_types,1558,249,1807,1444,45,14,50,0.05622489959839357,3.5714285714285716,True,
cerebras/gpt-oss-120b,unstructured,complex_nested,1544,105,1649,1444,31,4,31,0.0380952380952381,7.75,True,
groq/moonshotai/kimi-k2-instruct-0905,function_sig,multi_translate_compare,678,23,701,660,9,8,14,0.34782608695652173,1.75,True,
cerebras/gpt-oss-120b,function_sig,simple_weather_1,739,45,784,660,7,3,4,0.06666666666666667,1.3333333333333333,True,
groq/moonshotai/kimi-k2-instruct-0905,function_sig,ambig_files,674,123,797,660,5,0,0,0.0,,False,
cerebras/gpt-oss-120b,function_sig,simple_weather_2,746,52,798,660,13,5,3,0.09615384615384616,0.6,True,
cerebras/gpt-oss-120b,function_sig,simple_time_1,740,85,825,660,7,6,4,0.07058823529411765,0.6666666666666666,True,
groq/moonshotai/kimi-k2-instruct-0905,function_sig,ambig_process,672,117,789,660,3,0,0,0.0,,False,
cerebras/gpt-oss-120b,function_sig,simple_time_2,739,48,787,660,7,3,4,0.0625,1.3333333333333333,True,
groq/moonshotai/kimi-k2-instruct-0905,function_sig,ambig_send,672,47,719,660,3,3,6,0.06382978723404255,2.0,False,
cerebras/gpt-oss-120b,function_sig,simple_calc_1,739,37,776,660,6,5,2,0.13513513513513514,0.4,True,
groq/moonshotai/kimi-k2-instruct-0905,function_sig,ambig_weather,674,54,728,660,6,0,0,0.0,,False,
cerebras/gpt-oss-120b,function_sig,simple_search_1,741,86,827,660,8,4,7,0.046511627906976744,1.75,True,
cerebras/gpt-oss-120b,function_sig,simple_translate_1,743,37,780,660,10,8,6,0.21621621621621623,0.75,True,
groq/moonshotai/kimi-k2-instruct-0905,function_sig,ambig_translate,671,87,758,660,2,0,0,0.0,,False,
cerebras/gpt-oss-120b,function_sig,simple_empty_tool,737,58,795,660,4,2,1,0.034482758620689655,0.5,True,
groq/moonshotai/kimi-k2-instruct-0905,function_sig,ambig_calculate,672,20,692,660,3,0,0,0.0,,False,
cerebras/gpt-oss-120b,function_sig,multi_weather_cities,751,349,1100,660,18,7,6,0.02005730659025788,0.8571428571428571,True,
groq/moonshotai/kimi-k2-instruct-0905,function_sig,ambig_partial_email,677,59,736,660,7,0,0,0.0,,False,
groq/moonshotai/kimi-k2-instruct-0905,function_sig,ambig_search,671,65,736,660,2,0,0,0.0,,False,
cerebras/gpt-oss-120b,function_sig,multi_search_chart,746,388,1134,660,13,7,10,0.01804123711340206,1.4285714285714286,True,
groq/moonshotai/kimi-k2-instruct-0905,function_sig,complex_chart_filter,703,36,739,660,34,19,14,0.5277777777777778,0.7368421052631579,False,
cerebras/gpt-oss-120b,function_sig,multi_task_email,761,188,949,660,28,49,24,0.26063829787234044,0.4897959183673469,True,
groq/moonshotai/kimi-k2-instruct-0905,function_sig,complex_batch,699,42,741,660,30,24,16,0.5714285714285714,0.6666666666666666,False,
cerebras/gpt-oss-120b,function_sig,multi_time_zones,746,113,859,660,13,17,12,0.1504424778761062,0.7058823529411765,True,
groq/moonshotai/kimi-k2-instruct-0905,function_sig,complex_report,708,264,972,660,39,88,172,0.3333333333333333,1.9545454545454546,True,
groq/moonshotai/kimi-k2-instruct-0905,function_sig,complex_pipeline,716,93,809,660,47,24,66,0.25806451612903225,2.75,True,
cerebras/gpt-oss-120b,function_sig,multi_translate_compare,742,114,856,660,9,8,14,0.07017543859649122,1.75,True,
cerebras/gpt-oss-120b,function_sig,ambig_files,738,136,874,660,5,1,2,0.007352941176470588,2.0,False,
groq/moonshotai/kimi-k2-instruct-0905,function_sig,complex_query_report,703,33,736,660,34,13,15,0.3939393939393939,1.1538461538461537,False,
cerebras/gpt-oss-120b,function_sig,ambig_process,736,100,836,660,3,0,0,0.0,,False,
groq/moonshotai/kimi-k2-instruct-0905,function_sig,complex_weird_params,695,75,770,660,26,10,10,0.13333333333333333,1.0,False,
cerebras/gpt-oss-120b,function_sig,ambig_send,736,145,881,660,3,3,4,0.020689655172413793,1.3333333333333333,False,
groq/moonshotai/kimi-k2-instruct-0905,function_sig,complex_unicode,695,21,716,660,23,5,11,0.23809523809523808,2.2,True,
groq/moonshotai/kimi-k2-instruct-0905,function_sig,complex_mixed_types,714,45,759,660,45,14,28,0.3111111111111111,2.0,True,
cerebras/gpt-oss-120b,function_sig,ambig_weather,738,75,813,660,6,0,0,0.0,,False,
groq/moonshotai/kimi-k2-instruct-0905,function_sig,complex_nested,700,26,726,660,31,4,20,0.15384615384615385,5.0,True,
cerebras/gpt-oss-120b,function_sig,ambig_translate,735,77,812,660,2,0,0,0.0,,False,
cerebras/gpt-oss-120b,function_sig,ambig_calculate,736,102,838,660,3,0,0,0.0,,False,
cerebras/gpt-oss-120b,function_sig,ambig_partial_email,740,120,860,660,7,0,0,0.0,,False,
cerebras/gpt-oss-120b,function_sig,ambig_search,735,86,821,660,2,0,0,0.0,,False,
cerebras/gpt-oss-120b,function_sig,complex_chart_filter,767,509,1276,660,34,34,29,0.06679764243614932,0.8529411764705882,False,
cerebras/gpt-oss-120b,function_sig,complex_batch,763,694,1457,660,30,18,40,0.025936599423631124,2.2222222222222223,True,
cerebras/gpt-oss-120b,function_sig,complex_report,772,715,1487,660,39,28,40,0.039160839160839164,1.4285714285714286,True,
cerebras/gpt-oss-120b,function_sig,complex_pipeline,780,464,1244,660,47,24,65,0.05172413793103448,2.7083333333333335,True,
cerebras/gpt-oss-120b,function_sig,complex_query_report,767,326,1093,660,34,0,0,0.0,,False,
cerebras/gpt-oss-120b,function_sig,complex_weird_params,759,400,1159,660,26,3,21,0.0075,7.0,False,
cerebras/gpt-oss-120b,function_sig,complex_unicode,754,88,842,660,23,5,11,0.056818181818181816,2.2,True,
cerebras/gpt-oss-120b,function_sig,complex_mixed_types,778,87,865,660,45,14,28,0.16091954022988506,2.0,True,
cerebras/gpt-oss-120b,function_sig,complex_nested,764,75,839,660,31,4,20,0.05333333333333334,5.0,True,
cerebras/zai-glm-4.6,json,simple_weather_1,1398,116,1514,1386,7,3,22,0.02586206896551724,7.333333333333333,True,
cerebras/zai-glm-4.6,json,simple_weather_2,1404,127,1531,1386,13,5,21,0.03937007874015748,4.2,True,
cerebras/zai-glm-4.6,json,simple_time_1,1398,75,1473,1386,7,6,21,0.08,3.5,True,
cerebras/zai-glm-4.6,json,simple_time_2,1398,177,1575,1386,7,2,8,0.011299435028248588,4.0,True,
cerebras/zai-glm-4.6,json,simple_calc_1,1397,63,1460,1386,6,6,20,0.09523809523809523,3.3333333333333335,True,
cerebras/zai-glm-4.6,json,simple_search_1,1399,132,1531,1386,8,4,28,0.030303030303030304,7.0,True,
cerebras/zai-glm-4.6,json,simple_translate_1,1401,148,1549,1386,10,8,27,0.05405405405405406,3.375,True,
cerebras/zai-glm-4.6,json,simple_empty_tool,1395,122,1517,1386,4,2,13,0.01639344262295082,6.5,True,
cerebras/zai-glm-4.6,json,multi_weather_cities,1409,203,1612,1386,18,7,42,0.034482758620689655,6.0,True,
cerebras/zai-glm-4.6,json,multi_search_chart,1404,224,1628,1386,13,6,33,0.026785714285714284,5.5,True,
cerebras/zai-glm-4.6,json,multi_task_email,1419,329,1748,1386,28,62,68,0.1884498480243161,1.096774193548387,True,
cerebras/zai-glm-4.6,json,multi_time_zones,1404,218,1622,1386,13,17,63,0.0779816513761468,3.7058823529411766,True,
cerebras/zai-glm-4.6,json,multi_translate_compare,1400,141,1541,1386,9,8,56,0.05673758865248227,7.0,True,
cerebras/zai-glm-4.6,json,ambig_files,1396,328,1724,1386,5,0,0,0.0,,False,
cerebras/zai-glm-4.6,json,ambig_process,1394,280,1674,1386,3,0,0,0.0,,False,
cerebras/zai-glm-4.6,json,ambig_send,1394,219,1613,1386,3,0,0,0.0,,False,
cerebras/zai-glm-4.6,json,ambig_weather,1397,92,1489,1386,6,0,0,0.0,,False,
cerebras/zai-glm-4.6,json,ambig_translate,1393,113,1506,1386,2,0,0,0.0,,False,
cerebras/zai-glm-4.6,json,ambig_calculate,1394,147,1541,1386,3,0,0,0.0,,False,
cerebras/zai-glm-4.6,json,ambig_partial_email,1398,179,1577,1386,7,0,0,0.0,,False,
cerebras/zai-glm-4.6,json,ambig_search,1393,287,1680,1386,2,0,0,0.0,,False,
cerebras/zai-glm-4.6,json,complex_chart_filter,1425,280,1705,1386,34,20,39,0.07142857142857142,1.95,True,
cerebras/zai-glm-4.6,json,complex_batch,1421,434,1855,1386,30,0,0,0.0,,False,
cerebras/zai-glm-4.6,json,complex_report,1430,1136,2566,1386,39,261,472,0.22975352112676056,1.8084291187739463,True,
cerebras/zai-glm-4.6,json,complex_pipeline,1438,449,1887,1386,47,27,172,0.060133630289532294,6.37037037037037,True,
cerebras/zai-glm-4.6,json,complex_query_report,1425,289,1714,1386,34,14,41,0.04844290657439446,2.9285714285714284,True,
cerebras/zai-glm-4.6,json,complex_weird_params,1417,189,1606,1386,26,7,34,0.037037037037037035,4.857142857142857,True,
cerebras/zai-glm-4.6,json,complex_unicode,1412,148,1560,1386,23,5,31,0.033783783783783786,6.2,True,
cerebras/zai-glm-4.6,json,complex_mixed_types,1436,308,1744,1386,45,14,61,0.045454545454545456,4.357142857142857,True,
cerebras/zai-glm-4.6,json,complex_nested,1422,221,1643,1386,31,4,52,0.01809954751131222,13.0,True,
cerebras/zai-glm-4.6,mcp,simple_weather_1,1485,142,1627,1473,7,3,48,0.02112676056338028,16.0,True,
cerebras/zai-glm-4.6,mcp,simple_weather_2,1491,145,1636,1473,13,5,47,0.034482758620689655,9.4,True,
cerebras/zai-glm-4.6,mcp,simple_time_1,1485,168,1653,1473,7,6,47,0.03571428571428571,7.833333333333333,True,
cerebras/zai-glm-4.6,mcp,simple_time_2,1485,186,1671,1473,7,2,39,0.010752688172043012,19.5,True,
cerebras/zai-glm-4.6,mcp,simple_calc_1,1484,89,1573,1473,6,6,46,0.06741573033707865,7.666666666666667,True,
cerebras/zai-glm-4.6,mcp,simple_search_1,1486,147,1633,1473,8,4,54,0.027210884353741496,13.5,True,
cerebras/zai-glm-4.6,mcp,simple_translate_1,1488,130,1618,1473,10,8,53,0.06153846153846154,6.625,True,
cerebras/zai-glm-4.6,mcp,simple_empty_tool,1482,163,1645,1473,4,2,39,0.012269938650306749,19.5,True,
cerebras/zai-glm-4.6,mcp,multi_weather_cities,1496,255,1751,1473,18,7,94,0.027450980392156862,13.428571428571429,True,
cerebras/zai-glm-4.6,mcp,multi_search_chart,1491,250,1741,1473,13,6,59,0.024,9.833333333333334,True,
cerebras/zai-glm-4.6,mcp,multi_task_email,1506,381,1887,1473,28,62,120,0.16272965879265092,1.935483870967742,True,
cerebras/zai-glm-4.6,mcp,multi_time_zones,1491,315,1806,1473,13,17,141,0.05396825396825397,8.294117647058824,True,
cerebras/zai-glm-4.6,mcp,multi_translate_compare,1487,194,1681,1473,9,8,108,0.041237113402061855,13.5,True,
cerebras/zai-glm-4.6,mcp,ambig_files,1483,343,1826,1473,5,0,0,0.0,,False,
cerebras/zai-glm-4.6,mcp,ambig_process,1481,303,1784,1473,3,0,0,0.0,,False,
cerebras/zai-glm-4.6,mcp,ambig_send,1481,212,1693,1473,3,0,0,0.0,,False,
cerebras/zai-glm-4.6,mcp,ambig_weather,1484,106,1590,1473,6,0,0,0.0,,False,
cerebras/zai-glm-4.6,mcp,ambig_translate,1480,115,1595,1473,2,0,0,0.0,,False,
cerebras/zai-glm-4.6,mcp,ambig_calculate,1481,140,1621,1473,3,0,0,0.0,,False,
cerebras/zai-glm-4.6,mcp,ambig_partial_email,1485,179,1664,1473,7,0,0,0.0,,False,
cerebras/zai-glm-4.6,mcp,ambig_search,1480,264,1744,1473,2,0,0,0.0,,False,
cerebras/zai-glm-4.6,mcp,complex_chart_filter,1512,301,1813,1473,34,20,65,0.0664451827242525,3.25,True,
cerebras/zai-glm-4.6,mcp,complex_batch,1508,412,1920,1473,30,0,0,0.0,,False,
cerebras/zai-glm-4.6,mcp,complex_report,1517,599,2116,1473,39,27,123,0.045075125208681135,4.555555555555555,True,
cerebras/zai-glm-4.6,mcp,complex_pipeline,1525,718,2243,1473,47,26,186,0.036211699164345405,7.153846153846154,True,
cerebras/zai-glm-4.6,mcp,complex_query_report,1512,275,1787,1473,34,14,67,0.05090909090909091,4.785714285714286,True,
cerebras/zai-glm-4.6,mcp,complex_weird_params,1504,181,1685,1473,26,7,60,0.03867403314917127,8.571428571428571,True,
cerebras/zai-glm-4.6,mcp,complex_unicode,1499,189,1688,1473,23,5,57,0.026455026455026454,11.4,True,
cerebras/zai-glm-4.6,mcp,complex_mixed_types,1523,330,1853,1473,45,14,87,0.04242424242424243,6.214285714285714,True,
cerebras/zai-glm-4.6,mcp,complex_nested,1509,255,1764,1473,31,4,78,0.01568627450980392,19.5,True,
cerebras/zai-glm-4.6,xml,simple_weather_1,1471,121,1592,1466,7,3,31,0.024793388429752067,10.333333333333334,True,
cerebras/zai-glm-4.6,xml,simple_weather_2,1477,142,1619,1466,13,0,0,0.0,,False,
cerebras/zai-glm-4.6,xml,simple_time_1,1471,80,1551,1466,7,6,30,0.075,5.0,True,
cerebras/zai-glm-4.6,xml,simple_time_2,1471,195,1666,1466,7,2,23,0.010256410256410256,11.5,True,
cerebras/zai-glm-4.6,xml,simple_calc_1,1470,66,1536,1466,6,0,0,0.0,,False,
cerebras/zai-glm-4.6,xml,simple_search_1,1472,128,1600,1466,8,0,0,0.0,,False,
cerebras/zai-glm-4.6,xml,simple_translate_1,1474,142,1616,1466,10,8,37,0.056338028169014086,4.625,True,
cerebras/zai-glm-4.6,xml,simple_empty_tool,1468,89,1557,1466,4,2,23,0.02247191011235955,11.5,True,
cerebras/zai-glm-4.6,xml,multi_weather_cities,1482,217,1699,1466,18,0,0,0.0,,False,
cerebras/zai-glm-4.6,xml,multi_search_chart,1477,260,1737,1466,13,0,0,0.0,,False,
cerebras/zai-glm-4.6,xml,multi_task_email,1492,358,1850,1466,28,0,0,0.0,,False,
cerebras/zai-glm-4.6,xml,multi_time_zones,1477,175,1652,1466,13,0,0,0.0,,False,
cerebras/zai-glm-4.6,xml,multi_translate_compare,1473,156,1629,1466,9,0,0,0.0,,False,
cerebras/zai-glm-4.6,xml,ambig_files,1469,320,1789,1466,5,0,0,0.0,,False,
cerebras/zai-glm-4.6,xml,ambig_process,1467,275,1742,1466,3,0,0,0.0,,False,
cerebras/zai-glm-4.6,xml,ambig_send,1467,245,1712,1466,3,0,0,0.0,,False,
cerebras/zai-glm-4.6,xml,ambig_weather,1470,90,1560,1466,6,0,0,0.0,,False,
cerebras/zai-glm-4.6,xml,ambig_translate,1466,115,1581,1466,2,0,0,0.0,,False,
cerebras/zai-glm-4.6,xml,ambig_calculate,1467,142,1609,1466,3,0,0,0.0,,False,
cerebras/zai-glm-4.6,xml,ambig_partial_email,1471,179,1650,1466,7,0,0,0.0,,False,
cerebras/zai-glm-4.6,xml,ambig_search,1466,310,1776,1466,2,0,0,0.0,,False,
cerebras/zai-glm-4.6,xml,complex_chart_filter,1498,326,1824,1466,34,20,52,0.06134969325153374,2.6,True,
cerebras/zai-glm-4.6,xml,complex_batch,1494,441,1935,1466,30,0,0,0.0,,False,
cerebras/zai-glm-4.6,xml,complex_report,1503,475,1978,1466,39,0,0,0.0,,False,
cerebras/zai-glm-4.6,xml,complex_pipeline,1511,499,2010,1466,47,31,226,0.06212424849699399,7.290322580645161,False,
cerebras/zai-glm-4.6,xml,complex_query_report,1498,300,1798,1466,34,11,66,0.03666666666666667,6.0,False,
cerebras/zai-glm-4.6,xml,complex_weird_params,1490,164,1654,1466,26,0,0,0.0,,False,
cerebras/zai-glm-4.6,xml,complex_unicode,1485,166,1651,1466,23,0,0,0.0,,False,
cerebras/zai-glm-4.6,xml,complex_mixed_types,1509,241,1750,1466,45,0,0,0.0,,False,
cerebras/zai-glm-4.6,xml,complex_nested,1495,227,1722,1466,31,0,0,0.0,,False,
cerebras/zai-glm-4.6,unstructured,simple_weather_1,1456,85,1541,1444,7,3,15,0.03529411764705882,5.0,True,
cerebras/zai-glm-4.6,unstructured,simple_weather_2,1462,130,1592,1444,13,4,15,0.03076923076923077,3.75,True,
cerebras/zai-glm-4.6,unstructured,simple_time_1,1456,65,1521,1444,7,6,15,0.09230769230769231,2.5,True,
cerebras/zai-glm-4.6,unstructured,simple_time_2,1456,182,1638,1444,7,2,11,0.01098901098901099,5.5,True,
cerebras/zai-glm-4.6,unstructured,simple_calc_1,1455,79,1534,1444,6,6,15,0.0759493670886076,2.5,True,
cerebras/zai-glm-4.6,unstructured,simple_search_1,1457,124,1581,1444,8,4,20,0.03225806451612903,5.0,True,
cerebras/zai-glm-4.6,unstructured,simple_translate_1,1459,86,1545,1444,10,8,19,0.09302325581395349,2.375,True,
cerebras/zai-glm-4.6,unstructured,simple_empty_tool,1453,117,1570,1444,4,2,11,0.017094017094017096,5.5,True,
cerebras/zai-glm-4.6,unstructured,multi_weather_cities,1467,209,1676,1444,18,7,30,0.03349282296650718,4.285714285714286,True,
cerebras/zai-glm-4.6,unstructured,multi_search_chart,1462,322,1784,1444,13,6,24,0.018633540372670808,4.0,True,
cerebras/zai-glm-4.6,unstructured,multi_task_email,1477,314,1791,1444,28,39,91,0.12420382165605096,2.3333333333333335,True,
cerebras/zai-glm-4.6,unstructured,multi_time_zones,1462,183,1645,1444,13,17,45,0.09289617486338798,2.6470588235294117,True,
cerebras/zai-glm-4.6,unstructured,multi_translate_compare,1458,117,1575,1444,9,8,40,0.06837606837606838,5.0,True,
cerebras/zai-glm-4.6,unstructured,ambig_files,1454,334,1788,1444,5,3,34,0.008982035928143712,11.333333333333334,False,
cerebras/zai-glm-4.6,unstructured,ambig_process,1452,303,1755,1444,3,0,0,0.0,,False,
cerebras/zai-glm-4.6,unstructured,ambig_send,1452,247,1699,1444,3,0,0,0.0,,False,
cerebras/zai-glm-4.6,unstructured,ambig_weather,1455,92,1547,1444,6,0,0,0.0,,False,
cerebras/zai-glm-4.6,unstructured,ambig_translate,1451,134,1585,1444,2,0,0,0.0,,False,
cerebras/zai-glm-4.6,unstructured,ambig_calculate,1452,139,1591,1444,3,0,0,0.0,,False,
cerebras/zai-glm-4.6,unstructured,ambig_partial_email,1456,178,1634,1444,7,0,0,0.0,,False,
cerebras/zai-glm-4.6,unstructured,ambig_search,1451,293,1744,1444,2,0,0,0.0,,False,
cerebras/zai-glm-4.6,unstructured,complex_chart_filter,1483,488,1971,1444,34,20,35,0.040983606557377046,1.75,True,
cerebras/zai-glm-4.6,unstructured,complex_batch,1479,471,1950,1444,30,0,0,0.0,,False,
cerebras/zai-glm-4.6,unstructured,complex_report,1488,553,2041,1444,39,0,0,0.0,,False,
cerebras/zai-glm-4.6,unstructured,complex_pipeline,1496,608,2104,1444,47,83,63,0.13651315789473684,0.7590361445783133,False,
cerebras/zai-glm-4.6,unstructured,complex_query_report,1483,348,1831,1444,34,14,32,0.040229885057471264,2.2857142857142856,True,
cerebras/zai-glm-4.6,unstructured,complex_weird_params,1475,91,1566,1444,26,12,22,0.13186813186813187,1.8333333333333333,False,
cerebras/zai-glm-4.6,unstructured,complex_unicode,1470,128,1598,1444,23,5,24,0.0390625,4.8,True,
cerebras/zai-glm-4.6,unstructured,complex_mixed_types,1494,179,1673,1444,45,14,50,0.0782122905027933,3.5714285714285716,True,
cerebras/zai-glm-4.6,unstructured,complex_nested,1480,200,1680,1444,31,4,31,0.02,7.75,True,
cerebras/zai-glm-4.6,function_sig,simple_weather_1,672,56,728,660,7,3,4,0.05357142857142857,1.3333333333333333,True,
cerebras/zai-glm-4.6,function_sig,simple_weather_2,678,66,744,660,13,5,3,0.07575757575757576,0.6,True,
cerebras/zai-glm-4.6,function_sig,simple_time_1,672,57,729,660,7,6,4,0.10526315789473684,0.6666666666666666,True,
cerebras/zai-glm-4.6,function_sig,simple_time_2,672,139,811,660,7,3,4,0.02158273381294964,1.3333333333333333,True,
cerebras/zai-glm-4.6,function_sig,simple_calc_1,671,87,758,660,6,6,2,0.06896551724137931,0.3333333333333333,True,
cerebras/zai-glm-4.6,function_sig,simple_search_1,673,141,814,660,8,4,7,0.028368794326241134,1.75,True,
cerebras/zai-glm-4.6,function_sig,simple_translate_1,675,115,790,660,10,8,6,0.06956521739130435,0.75,True,
cerebras/zai-glm-4.6,function_sig,simple_empty_tool,669,78,747,660,4,2,1,0.02564102564102564,0.5,True,
cerebras/zai-glm-4.6,function_sig,multi_weather_cities,683,182,865,660,18,41,17,0.22527472527472528,0.4146341463414634,True,
cerebras/zai-glm-4.6,function_sig,multi_search_chart,678,245,923,660,13,6,9,0.024489795918367346,1.5,True,
cerebras/zai-glm-4.6,function_sig,multi_task_email,693,319,1012,660,28,59,20,0.18495297805642633,0.3389830508474576,True,
cerebras/zai-glm-4.6,function_sig,multi_time_zones,678,177,855,660,13,17,12,0.096045197740113,0.7058823529411765,True,
cerebras/zai-glm-4.6,function_sig,multi_translate_compare,674,129,803,660,9,8,14,0.06201550387596899,1.75,True,
cerebras/zai-glm-4.6,function_sig,ambig_files,670,266,936,660,5,0,0,0.0,,False,
cerebras/zai-glm-4.6,function_sig,ambig_process,668,297,965,660,3,0,0,0.0,,False,
cerebras/zai-glm-4.6,function_sig,ambig_send,668,240,908,660,3,0,0,0.0,,False,
cerebras/zai-glm-4.6,function_sig,ambig_weather,671,93,764,660,6,0,0,0.0,,False,
cerebras/zai-glm-4.6,function_sig,ambig_translate,667,111,778,660,2,0,0,0.0,,False,
cerebras/zai-glm-4.6,function_sig,ambig_calculate,668,126,794,660,3,0,0,0.0,,False,
cerebras/zai-glm-4.6,function_sig,ambig_partial_email,672,182,854,660,7,0,0,0.0,,False,
cerebras/zai-glm-4.6,function_sig,ambig_search,667,251,918,660,2,0,0,0.0,,False,
cerebras/zai-glm-4.6,function_sig,complex_chart_filter,699,333,1032,660,34,18,13,0.05405405405405406,0.7222222222222222,False,
cerebras/zai-glm-4.6,function_sig,complex_batch,695,647,1342,660,30,21,35,0.03245749613601236,1.6666666666666667,False,
cerebras/zai-glm-4.6,function_sig,complex_report,704,709,1413,660,39,252,179,0.3554301833568406,0.7103174603174603,True,
cerebras/zai-glm-4.6,function_sig,complex_pipeline,712,337,1049,660,47,26,88,0.0771513353115727,3.3846153846153846,True,
cerebras/zai-glm-4.6,function_sig,complex_query_report,699,259,958,660,34,13,15,0.05019305019305019,1.1538461538461537,False,
cerebras/zai-glm-4.6,function_sig,complex_weird_params,691,307,998,660,26,10,10,0.03257328990228013,1.0,False,
cerebras/zai-glm-4.6,function_sig,complex_unicode,686,118,804,660,23,5,11,0.0423728813559322,2.2,True,
cerebras/zai-glm-4.6,function_sig,complex_mixed_types,710,241,951,660,45,14,28,0.058091286307053944,2.0,True,
cerebras/zai-glm-4.6,function_sig,complex_nested,696,159,855,660,31,4,20,0.025157232704402517,5.0,True,
